,Player,PosFantasy,Precio,VI,USG%,ORtg,DRtg,eFG%,AGE,Puntos Fantasy
0,joel embiid,Front,18.0,15.3,39.6,124.0,104.8,0.561,30.1,58.283487179487175
1,luka doncic,Back,19.0,15.5,36.0,121.9,109.9,0.573,25.1,59.41257142857143
2,giannis antetokounmpo,Front,17.5,14.9,33.0,125.6,106.9,0.623,29.4,55.16849315068493
3,shai gilgeous-alexander,Back,17.0,11.9,32.9,128.6,107.7,0.567,25.8,49.56977333333333
4,jalen brunson,Back,15.5,10.0,32.5,124.2,112.6,0.543,27.6,42.89261038961038
5,kevin durant,Front,16.0,10.4,29.0,117.8,112.8,0.581,35.5,43.42996
6,devin booker,Back,15.0,10.5,29.8,123.9,110.6,0.55,27.5,42.81773529411764
7,jayson tatum,Front,16.5,11.5,30.2,120.6,107.6,0.552,26.1,44.61568918918919
8,de'aaron fox,Front,15.5,9.8,31.0,113.5,110.3,0.534,26.3,42.68581081081081
9,donovan mitchell,Back,16.0,10.6,31.3,116.9,109.1,0.545,27.6,43.65076363636364
10,stephen curry,Back,16.0,10.4,31.3,118.9,114.9,0.573,36.1,38.90062162162162
11,nikola jokic,Front,20.5,16.6,29.3,130.7,104.8,0.612,29.2,56.35965822784809
12,anthony edwards,Back,16.0,10.2,32.3,112.1,107.3,0.522,22.7,40.57389873417721
13,tyrese maxey,Back,15.0,9.0,28.0,120.9,113.9,0.524,23.4,40.99021428571429
14,lebron james,Front,16.5,13.1,29.1,119.7,113.4,0.599,39.3,47.074704225352114
15,trae young,Back,16.0,10.2,30.5,117.4,118.3,0.516,25.6,43.88514814814816
16,kyrie irving,Back,15.5,10.0,28.1,122.0,113.1,0.573,32.1,41.2431551724138
17,ja morant,Front,15.0,11.8,30.4,116.1,112.9,0.512,24.7,43.803
18,anthony davis,Front,17.0,11.6,26.7,124.0,107.6,0.567,31.1,49.96619736842105
19,damian lillard,Back,15.0,10.3,28.4,120.0,114.3,0.51,33.8,39.8997808219178
20,demar derozan,Front,14.5,8.7,25.8,122.6,115.5,0.507,34.7,38.824569620253165
21,julius randle,Front,15.0,11.7,29.9,112.8,107.2,0.518,29.4,40.58978260869565
22,lamelo ball,Back,15.0,12.3,34.3,110.4,110.0,0.515,22.6,42.2184090909091
23,kawhi leonard,Front,15.0,9.4,26.5,124.4,113.5,0.585,32.8,39.6469705882353
24,desmond bane,Back,14.5,9.7,28.5,114.3,110.8,0.552,25.8,37.58004761904762
25,terry rozier,Front,13.0,9.5,27.8,116.2,119.5,0.535,30.1,38.58316666666666
26,lauri markkanen,Front,14.5,8.8,25.0,127.5,116.9,0.578,26.9,37.48952727272727
27,jaylen brown,Back,14.0,9.2,28.9,113.4,106.7,0.557,27.5,36.01085714285714
28,zion williamson,Front,14.5,11.1,29.7,118.8,108.8,0.573,23.8,38.1174
29,cade cunningham,Back,14.5,10.8,30.8,108.3,115.2,0.5,22.6,38.2753064516129
30,paul george,Front,14.0,8.8,26.6,118.7,109.4,0.569,34.0,35.96131081081081
31,anfernee simons,Front,13.0,8.9,28.0,113.4,117.3,0.523,24.9,33.64893478260869
32,paolo banchero,Front,14.5,10.8,29.7,108.9,108.6,0.497,21.4,38.823225
33,dejounte murray,Back,15.0,10.2,26.6,113.8,117.2,0.528,27.6,39.23510256410256
34,jaren jackson jr.,Front,14.0,8.2,30.4,106.8,106.3,0.495,24.6,35.77236363636364
35,cam thomas,Front,12.0,7.6,30.5,110.3,114.5,0.503,22.5,30.547030303030297
36,pascal siakam,Front,14.0,10.1,25.3,118.5,115.6,0.559,30.0,37.04546153846153
37,kyle kuzma,Front,13.5,10.4,29.7,103.6,116.4,0.521,28.7,36.12542857142857
38,karl-anthony towns,Front,14.0,10.0,27.4,115.0,100.6,0.576,28.4,36.12706451612903
39,rj barrett,Front,13.0,9.9,25.7,114.2,113.9,0.599,23.8,35.08003125
40,victor wembanyama,Front,17.0,12.9,32.2,104.1,107.9,0.519,20.3,45.90856338028169
41,pascal siakam,Front,14.0,10.7,25.1,122.5,113.5,0.579,30.0,37.18817073170732
42,jamal murray,Back,14.0,10.5,27.9,119.1,112.3,0.554,27.1,37.15011864406779
43,alperen sengun,Front,15.0,12.3,27.0,117.7,104.0,0.553,21.7,41.09985714285714
44,jerami grant,Front,12.5,7.0,25.7,113.1,116.6,0.516,30.1,30.061333333333337
45,miles bridges,Front,13.5,8.5,24.7,108.5,117.9,0.527,26.1,35.51442028985507
46,jimmy butler,Front,14.0,9.6,24.0,129.2,111.9,0.537,34.6,36.1356
47,brandon ingram,Front,13.5,10.3,27.2,114.7,109.7,0.534,26.6,35.772140625
48,tyler herro,Front,12.5,9.5,27.8,108.2,110.7,0.531,24.2,33.34171428571428
49,bojan bogdanovic,Front,9.0,6.8,24.7,110.4,117.3,0.569,35.0,27.493535714285716
50,kristaps porzingis,Front,14.0,8.9,25.1,127.5,104.0,0.589,28.7,35.32857894736841
51,tyrese haliburton,Front,15.5,11.8,24.6,128.2,120.0,0.57,24.1,42.65717391304348
52,cj mccollum,Back,13.0,9.0,24.7,118.3,111.2,0.572,32.6,33.38793939393939
53,scottie barnes,Front,15.0,11.4,24.8,113.6,114.9,0.528,22.7,41.64585
54,franz wagner,Front,13.0,9.0,25.7,115.7,107.2,0.525,22.6,32.74836111111111
55,mikal bridges,Front,12.5,7.8,24.2,111.8,116.5,0.521,27.6,31.193536585365848
56,jalen green,Back,12.5,8.9,27.5,106.6,112.9,0.498,22.2,31.020243902439024
57,zach lavine,Front,12.5,8.4,23.8,113.3,113.4,0.531,29.1,31.54236
58,devin vassell,Front,12.0,8.1,23.5,113.4,117.7,0.55,23.6,31.35591176470588
59,domantas sabonis,Front,17.0,14.5,22.2,126.3,106.4,0.609,27.9,47.87640243902439
60,bam adebayo,Front,15.0,10.8,24.9,114.7,104.9,0.529,26.7,39.28023943661972
61,coby white,Back,12.5,8.3,22.7,114.7,114.7,0.534,24.2,31.84488607594936
62,jalen williams,Back,13.0,9.0,23.7,121.7,109.1,0.592,23.0,32.333366197183096
63,collin sexton,Front,12.0,9.3,27.5,122.1,117.9,0.549,25.3,29.059230769230773
64,immanuel quickley,Front,12.0,10.2,23.4,117.6,116.2,0.518,24.8,34.94352631578948
65,bradley beal,Front,12.5,8.9,22.7,116.6,111.7,0.582,30.8,31.47041509433962
66,rj barrett,Front,13.0,7.8,27.6,109.7,111.5,0.478,23.8,26.79607692307692
67,nikola vucevic,Front,14.0,10.0,23.3,113.5,110.2,0.522,33.5,36.98418421052632
68,d'angelo russell,Back,12.5,8.6,22.9,116.2,113.2,0.56,28.1,31.88698684210526
69,darius garland,Front,12.5,8.2,25.4,108.7,112.8,0.524,24.2,30.72768421052632
70,klay thompson,Front,10.0,6.9,24.2,112.5,114.9,0.551,34.2,25.968324675324677
71,fred vanvleet,Back,14.5,8.8,19.7,123.2,111.1,0.527,30.1,36.80098630136985
72,jordan poole,Front,11.0,7.9,26.4,101.9,114.4,0.491,24.8,27.620807692307697
73,brandon miller,Front,11.0,7.0,23.9,105.6,116.0,0.524,21.4,27.24159459459459
74,tobias harris,Front,12.5,8.3,20.7,118.0,112.4,0.535,31.7,31.7574
75,jordan clarkson,Front,11.0,8.7,26.1,106.5,120.8,0.469,31.9,27.396527272727276
76,myles turner,Front,12.5,7.9,23.4,119.7,109.7,0.587,28.1,30.676324675324672
77,bogdan bogdanovic,Back,11.0,7.4,22.3,115.6,115.4,0.537,31.7,27.19075949367089
78,michael porter jr.,Front,11.5,7.1,20.7,117.0,110.7,0.586,25.8,28.684864197530864
79,deandre ayton,Front,13.0,8.2,21.1,113.9,111.7,0.571,25.7,34.23536363636364
80,dalano banton,Back,8.5,9.1,27.2,103.2,116.3,0.471,24.4,28.6569
81,james harden,Front,14.5,10.5,20.6,125.2,113.6,0.541,34.6,36.62294444444444
82,jarrett allen,Front,13.5,9.8,19.4,130.9,107.7,0.634,26.0,35.148389610389614
83,chet holmgren,Front,13.5,9.2,21.7,122.0,105.9,0.598,22.0,33.8415731707317
84,terry rozier,Front,13.0,8.7,23.8,111.4,110.2,0.497,30.1,29.670548387096773
85,jonathan kuminga,Front,10.0,8.4,24.1,116.3,109.8,0.56,21.5,25.909743243243245
86,jalen johnson,Front,13.5,9.4,19.1,116.1,112.6,0.562,22.3,34.04557142857143
87,austin reaves,Back,12.0,9.0,20.3,118.8,113.1,0.568,25.9,29.372878048780485
88,shaedon sharpe,Back,8.0,7.4,22.4,104.7,113.5,0.475,20.9,26.5885
89,malcolm brogdon,Front,11.5,9.6,23.0,119.7,117.4,0.522,31.3,28.828461538461536
90,keldon johnson,Front,11.0,8.4,21.9,112.4,113.0,0.527,24.5,27.10504347826087
91,evan mobley,Front,13.5,10.2,20.6,121.6,104.1,0.6,22.8,34.57028
92,de'andre hunter,Front,9.5,6.1,20.6,114.8,114.5,0.547,26.4,23.065263157894737
93,donte divincenzo,Front,10.5,7.4,21.3,119.5,109.0,0.584,27.2,26.023172839506177
94,kelly oubre jr.,Front,9.5,6.5,22.4,108.5,108.0,0.498,28.3,25.97686764705882
95,malik monk,Front,10.5,9.4,25.9,113.1,111.4,0.526,26.2,26.65243055555555
96,jaden ivey,Front,10.0,8.1,24.9,104.4,114.1,0.492,22.2,25.06674025974026
97,simone fontecchio,Front,7.5,6.5,19.2,118.1,116.5,0.592,28.3,24.7185
98,derrick white,Back,12.5,8.5,18.6,126.3,109.2,0.578,29.8,30.90235616438356
99,keegan murray,Front,11.0,6.2,18.1,116.4,110.9,0.548,23.7,27.164779220779224
100,khris middleton,Front,11.5,10.7,23.9,115.4,108.3,0.566,32.7,28.74776363636364
101,john collins,Front,11.5,7.4,20.4,119.8,111.1,0.59,26.6,28.55633823529412
102,og anunoby,Front,10.5,6.6,18.2,112.6,116.2,0.584,26.7,25.36096296296296
103,immanuel quickley,Front,12.0,7.7,24.4,123.4,111.5,0.549,24.8,22.07173333333333
104,trey murphy iii,Front,10.5,7.3,18.6,126.5,112.2,0.579,23.8,26.156649122807018
105,deni avdija,Front,12.0,9.8,20.2,112.5,113.5,0.56,23.3,29.517840000000003
106,gg jackson,Front,9.0,6.5,24.2,107.2,114.4,0.519,19.3,22.092291666666668
107,dennis schroder,Front,10.5,8.4,21.8,108.8,115.0,0.507,30.6,27.221241379310342
108,gordon hayward,Front,8.5,8.5,21.3,109.0,117.5,0.505,34.1,28.2256
109,marcus smart,Front,10.5,7.3,23.0,100.1,108.8,0.519,30.1,25.8366
110,bennedict mathurin,Front,9.5,7.5,23.4,109.6,116.0,0.507,21.8,22.307627118644064
111,tim hardaway jr.,Front,9.0,6.5,22.6,109.4,115.0,0.51,32.1,21.251835443037976
112,og anunoby,Front,10.5,5.2,16.8,112.6,108.6,0.568,26.7,25.362739130434782
113,rudy gobert,Front,14.0,7.2,15.4,130.4,99.7,0.661,31.8,35.38036842105263
114,caris levert,Front,11.5,9.2,23.1,110.0,109.7,0.487,29.6,28.070029411764704
115,scoot henderson,Back,10.0,8.7,26.5,96.9,111.3,0.44,20.2,24.428129032258067
116,aaron gordon,Front,11.5,8.6,17.8,124.2,111.3,0.584,28.6,28.20158904109589
117,norman powell,Front,8.5,5.2,20.0,120.3,113.6,0.594,30.9,19.560789473684213
118,grant williams,Front,8.5,8.0,19.0,116.2,113.2,0.585,25.4,25.08341379310345
119,bobby portis,Front,10.0,8.3,22.8,114.6,106.1,0.562,29.2,25.920317073170736
120,jalen duren,Front,12.5,10.0,18.5,121.1,107.3,0.619,20.4,31.8027868852459
121,kenneth lofton jr.,Front,5.0,12.2,21.1,138.7,113.6,0.657,21.7,28.045
122,dennis schroder,Front,10.5,8.0,19.4,117.4,116.9,0.511,30.6,26.668941176470582
123,gary trent jr.,Front,9.0,5.6,20.0,110.1,118.3,0.531,25.2,21.084577464788733
124,saddiq bey,Front,9.5,6.3,17.0,119.3,119.1,0.497,25.0,24.851761904761908
125,jabari smith jr.,Front,11.0,7.0,17.6,115.8,107.3,0.537,20.9,27.657302631578947
126,p.j. washington,Front,10.0,7.4,21.2,106.2,113.7,0.524,25.6,24.994772727272725
127,rui hachimura,Front,9.5,6.2,18.4,121.6,113.1,0.61,26.2,21.827147058823527
128,grayson allen,Front,9.5,6.5,14.5,129.7,113.0,0.649,28.5,24.40908
129,naz reid,Front,9.5,7.4,23.1,110.9,102.2,0.576,24.6,23.668345679012347
130,cameron johnson,Front,9.5,7.5,19.6,118.1,113.0,0.557,28.1,23.342379310344832
131,corey kispert,Front,8.5,6.5,19.6,114.0,118.6,0.602,25.1,19.926325
132,marvin bagley iii,Front,9.5,8.4,20.9,122.6,115.0,0.599,25.1,26.143375
133,andrew wiggins,Front,9.5,6.9,20.9,111.1,112.0,0.511,29.1,22.370154929577463
134,keyonte george,Back,9.0,8.0,22.8,104.6,121.0,0.482,20.4,21.649786666666667
135,duncan robinson,Front,9.0,6.4,19.0,114.6,107.6,0.589,30.0,20.459279411764705
136,scotty pippen jr.,Front,8.0,9.2,23.1,110.2,105.6,0.567,23.4,25.492619047619048
137,dillon brooks,Front,9.0,5.4,17.6,109.1,107.3,0.515,28.2,20.12708333333333
138,mark williams,Front,12.0,7.9,17.1,137.3,110.1,0.649,22.3,29.077578947368423
139,kelly olynyk,Front,9.5,10.4,20.0,117.5,106.3,0.598,33.0,27.636642857142856
140,alec burks,Back,6.0,7.2,23.5,118.3,116.0,0.516,32.7,18.984069767441863
141,spencer dinwiddie,Front,9.0,8.2,18.6,118.6,115.2,0.48,31.0,26.24333333333333
142,jalen suggs,Front,9.5,7.0,19.7,112.9,103.8,0.578,22.9,22.53425333333333
143,brook lopez,Front,11.0,6.2,16.0,120.6,111.5,0.583,36.0,25.96592405063291
144,jrue holiday,Front,11.5,8.4,16.3,121.0,110.7,0.581,33.8,27.75063768115942
145,josh giddey,Back,11.0,11.5,23.1,111.1,109.3,0.523,21.5,27.7032125
146,cam whitmore,Front,8.5,6.8,27.2,108.8,108.9,0.539,19.8,18.924042553191487
147,jonas valanciunas,Front,11.0,10.4,20.8,122.8,101.1,0.585,31.9,26.922036585365856
148,harrison barnes,Front,7.5,4.9,15.7,122.1,116.9,0.576,31.9,18.49823170731707
149,max strus,Front,10.0,7.7,17.4,111.8,108.8,0.533,28.0,24.95018571428572
150,aaron nesmith,Front,9.5,5.9,15.9,122.0,110.7,0.606,24.5,21.257638888888888
151,ayo dosunmu,Front,9.5,6.6,17.2,118.4,113.8,0.583,24.2,21.70959210526316
152,buddy hield,Front,9.5,7.6,20.2,114.1,110.8,0.55,31.3,21.43634375
153,javonte green,Front,6.0,5.9,16.7,131.5,108.1,0.667,30.7,25.19677777777778
154,bruce brown,Front,9.0,7.5,16.7,115.2,114.0,0.527,27.7,23.608030303030304
155,tyus jones,Front,11.5,8.4,16.3,126.2,122.7,0.569,27.9,27.96412121212121
156,buddy hield,Front,9.5,7.3,18.6,114.2,115.7,0.575,31.3,21.475538461538463
157,jaime jaquez jr.,Front,10.0,6.9,18.7,112.4,107.2,0.536,23.2,21.41969333333333
158,tre mann,Back,9.0,8.4,18.2,109.8,116.6,0.524,23.2,26.689571428571423
159,nic claxton,Front,12.5,8.4,15.6,123.5,108.0,0.63,25.0,30.7818028169014
160,ivica zubac,Front,11.0,8.1,16.4,131.7,106.0,0.649,27.1,26.611764705882354
161,p.j. washington,Front,10.0,5.9,16.3,105.7,111.4,0.508,25.6,24.582103448275863
162,cole anthony,Front,9.0,9.0,23.7,109.9,104.2,0.497,23.9,21.479777777777777
163,jeremy sochan,Front,9.5,8.5,18.8,103.6,111.9,0.483,20.9,25.11497297297298
164,clint capela,Front,12.0,8.2,17.3,126.1,111.1,0.571,29.9,29.169780821917804
165,lamar stevens,Front,5.5,7.0,22.5,105.3,109.7,0.474,26.8,22.0928947368421
166,mike conley,Front,10.0,8.0,16.0,129.3,107.9,0.595,36.5,25.23707894736842
167,malik beasley,Front,8.0,5.2,14.6,116.9,112.8,0.598,27.4,18.685670886075947
168,brandon clarke,Front,9.5,8.0,20.8,114.0,111.8,0.568,27.6,23.0485
169,zach collins,Front,9.5,10.0,22.6,107.7,105.7,0.531,26.4,22.626173913043484
170,daniel gafford,Front,12.0,9.3,16.4,144.1,102.2,0.78,25.5,26.057655172413792
171,russell westbrook,Front,10.0,11.2,25.2,106.8,108.6,0.486,35.4,24.543647058823527
172,jakob poeltl,Front,12.0,9.4,16.2,123.8,107.9,0.656,28.5,28.06786
173,de'anthony melton,Back,9.5,7.4,18.3,113.2,108.5,0.493,25.9,23.023815789473684
174,eric gordon,Front,7.5,4.9,16.5,112.3,116.0,0.565,35.3,17.877176470588235
175,luke kennard,Front,8.5,7.5,16.7,121.3,116.5,0.617,27.8,19.539564102564103
176,wendell carter jr.,Front,9.5,7.9,17.2,121.8,104.5,0.6,25.0,22.7912
177,herbert jones,Front,9.5,6.1,14.1,124.0,106.7,0.595,25.5,22.43536842105264
178,jusuf nurkic,Front,12.5,11.5,19.1,113.4,99.8,0.528,29.6,32.00776315789474
179,moritz wagner,Front,7.5,8.7,22.8,125.7,102.2,0.637,27.0,18.325425000000003
180,luguentz dort,Back,9.0,5.4,15.4,116.8,107.4,0.557,25.0,19.409037974683542
181,daniel gafford,Front,12.0,7.7,13.9,137.2,108.7,0.69,25.5,28.13297777777777
182,isaiah stewart,Front,9.5,6.3,14.5,113.3,115.3,0.575,22.9,22.257608695652177
183,jake laravia,Front,7.0,7.1,21.1,109.0,110.4,0.477,22.4,18.72148571428572
184,vasilije micic,Back,5.5,7.6,20.3,107.1,119.8,0.495,30.3,21.886066666666665
185,santi aldama,Front,9.5,7.9,17.9,108.6,112.0,0.528,23.3,23.23568852459016
186,jaden mcdaniels,Front,8.0,4.9,15.7,107.8,103.5,0.557,23.5,18.12659722222222
187,chimezie metu,Front,5.5,6.7,15.4,108.9,111.5,0.557,27.1,23.149285714285718
188,bojan bogdanovic,Front,9.0,5.5,24.3,103.9,111.6,0.521,35.0,13.293931034482757
189,obi toppin,Front,8.0,7.6,16.8,128.8,114.4,0.661,26.1,18.787792682926828
190,reggie jackson,Front,7.5,7.6,21.7,108.7,111.0,0.499,34.0,18.04165853658536
191,t.j. mcconnell,Back,9.5,11.7,23.6,120.6,115.5,0.572,32.1,22.42425352112676
192,marvin bagley iii,Front,9.5,7.8,21.1,121.0,114.2,0.594,25.1,17.39715384615384
193,kevin huerter,Front,9.0,7.4,17.3,115.9,110.2,0.553,25.6,19.740671875
194,onyeka okongwu,Front,9.5,7.0,13.7,135.9,110.2,0.642,23.3,22.71201818181818
195,kentavious caldwell-pope,Back,9.0,4.9,12.9,118.7,112.2,0.566,31.2,19.363236842105263
196,alex caruso,Front,10.0,7.1,14.7,119.2,109.4,0.593,30.1,23.87704225352113
197,talen horton-tucker,Back,8.5,8.9,24.0,108.3,113.9,0.46,23.4,19.54864705882353
198,caleb martin,Front,9.0,6.7,17.3,107.3,108.1,0.504,28.5,19.7758125
199,patrick williams,Front,9.0,5.7,16.6,107.2,112.8,0.525,22.6,19.011209302325582
200,tre jones,Front,9.5,8.9,15.2,122.9,116.3,0.557,24.3,24.573285714285717
201,vince williams jr.,Front,9.5,8.3,15.8,114.3,107.6,0.55,23.6,23.236653846153843
202,jordan goodwin,Back,7.5,9.7,19.8,100.0,109.2,0.399,25.5,28.74147058823529
203,josh richardson,Front,7.5,6.3,16.5,115.8,109.4,0.539,30.6,17.841860465116277
204,jalen smith,Front,9.0,8.8,19.4,132.7,108.8,0.67,24.1,19.052688524590167
205,tari eason,Front,10.0,8.0,19.8,110.5,101.2,0.513,22.9,23.677272727272733
206,lonnie walker iv,Back,6.0,7.0,24.4,105.8,112.7,0.528,25.3,15.238120689655174
207,nick richards,Front,9.5,6.0,13.3,133.8,111.1,0.691,26.4,22.42646268656716
208,payton pritchard,Back,8.0,8.4,17.2,128.8,110.5,0.583,26.2,19.040536585365853
209,bruce brown,Front,9.0,7.1,16.4,110.1,114.9,0.519,27.7,18.95744117647059
210,amen thompson,Back,10.0,9.8,18.5,117.3,103.3,0.545,21.2,23.664387096774195
211,georges niang,Front,6.0,6.0,17.6,109.2,105.8,0.567,30.8,15.541853658536583
212,josh hart,Front,10.5,8.2,13.5,114.5,107.9,0.493,29.1,26.407123456790128
213,isaac okoro,Front,7.5,5.5,13.9,120.7,110.3,0.577,23.2,17.631420289855072
214,cameron payne,Front,5.5,7.7,21.8,110.6,110.7,0.514,29.7,16.76216129032258
215,chris paul,Front,10.0,9.5,15.6,123.7,110.5,0.525,38.9,25.364586206896547
216,andrew nembhard,Front,8.0,6.9,16.0,113.9,115.8,0.557,24.2,18.37880882352941
217,malaki branham,Back,5.5,6.3,19.8,100.8,116.7,0.506,20.9,14.545560000000002
218,brandin podziemski,Front,9.5,8.8,15.4,117.1,111.8,0.529,21.1,22.53366216216216
219,duop reath,Front,5.0,7.2,20.7,115.6,107.2,0.549,27.8,16.41122058823529
220,sam hauser,Front,6.5,5.7,15.0,126.2,109.7,0.623,26.4,15.91846835443038
221,seth curry,Front,5.0,6.4,19.3,114.3,120.3,0.517,33.6,15.493
222,taurean prince,Front,7.0,5.0,13.8,107.8,112.2,0.566,30.1,16.16242307692308
223,jabari walker,Front,8.5,6.8,16.3,113.6,108.5,0.5,21.7,19.784291666666668
224,simone fontecchio,Front,7.5,6.2,15.4,115.2,117.4,0.577,28.3,16.356180000000002
225,kevin love,Front,8.5,11.5,21.9,120.8,99.8,0.557,35.6,19.38261818181818
226,terance mann,Front,6.5,5.8,13.6,126.6,112.6,0.587,27.5,16.251866666666665
227,ausar thompson,Front,9.5,7.6,16.6,106.2,108.5,0.505,21.2,22.05773015873016
228,dereck lively ii,Front,9.5,6.9,12.6,137.9,105.5,0.747,20.2,22.01476363636364
229,davis bertans,Front,5.0,4.7,17.7,109.4,116.0,0.553,31.4,13.895785714285712
230,danilo gallinari,Front,5.5,9.2,16.0,169.8,112.0,0.705,35.7,15.424666666666663
231,al horford,Front,9.5,7.8,12.0,134.3,108.4,0.64,37.9,22.729107692307693
232,draymond green,Front,11.5,10.6,15.3,115.0,104.0,0.566,34.1,27.57038181818182
233,derrick jones jr.,Front,7.0,5.2,14.9,116.0,112.9,0.566,27.2,16.00151315789474
234,dorian finney-smith,Front,8.0,5.6,13.2,112.8,112.2,0.535,30.9,18.465970588235297
235,gradey dick,Front,5.5,5.2,17.4,105.3,116.7,0.524,20.4,13.1878
236,tristan vukcevic,Front,5.0,8.9,23.8,106.2,102.5,0.507,21.1,16.1736
237,andre drummond,Front,9.5,7.9,21.3,118.0,101.3,0.556,30.7,21.946151898734172
238,david roddy,Front,5.5,6.6,18.1,98.4,112.8,0.462,23.1,16.137854166666664
239,bilal coulibaly,Front,8.0,5.7,14.2,102.6,115.9,0.509,19.7,17.914126984126987
240,miles mcbride,Front,5.5,5.7,16.4,126.2,109.6,0.572,23.6,13.819352941176469
241,marcus sasser,Front,6.0,7.7,19.9,108.3,115.3,0.516,23.6,15.661690140845067
242,kyle lowry,Front,9.0,6.9,13.4,115.8,105.7,0.554,38.1,19.98683783783784
243,josh green,Front,7.0,5.9,13.1,115.3,112.4,0.575,23.4,16.41633333333333
244,isaiah joe,Front,5.5,6.3,16.7,120.8,111.7,0.609,24.8,14.057128205128205
245,ziaire williams,Front,6.0,6.9,19.7,98.6,109.6,0.474,22.6,15.18882352941176
246,kelly olynyk,Front,9.5,11.1,15.6,129.2,107.9,0.632,33.0,21.038919999999997
247,grant williams,Front,8.5,5.6,13.6,110.0,108.7,0.538,25.4,16.094659574468082
248,moses moody,Front,6.0,6.4,18.4,116.4,110.9,0.548,21.9,14.328863636363636
249,walker kessler,Front,10.0,6.5,12.8,125.2,112.5,0.66,22.7,23.246453125
250,royce o'neale,Front,8.5,7.7,13.9,118.6,109.1,0.549,30.9,20.52726666666667
251,derrick rose,Front,5.5,8.9,22.4,108.7,115.1,0.506,35.5,14.689874999999995
252,dario saric,Front,7.0,10.1,19.5,118.2,106.4,0.562,30.0,16.978328125
253,nickeil alexander-walker,Front,6.5,5.8,14.8,115.3,106.9,0.56,25.6,15.836060975609756
254,sam merrill,Front,5.5,7.0,17.5,124.8,111.4,0.584,27.9,13.55229508196721
255,malachi flynn,Front,5.5,8.7,26.0,104.1,115.0,0.503,25.9,14.011
256,kyle lowry,Front,9.0,6.6,12.0,123.0,111.1,0.578,38.1,19.254608695652177
257,darius bazley,Front,5.5,5.2,12.1,124.2,121.0,0.655,23.8,17.799999999999997
258,trayce jackson-davis,Front,8.5,8.7,16.4,134.3,107.4,0.702,24.1,18.04264705882353
259,jordan nwora,Front,5.5,8.4,22.3,104.8,114.6,0.541,25.6,14.764970588235292
260,dante exum,Front,5.5,8.0,15.0,127.9,111.8,0.621,28.8,15.474945454545454
261,markelle fultz,Back,7.5,7.8,18.8,105.7,107.4,0.479,25.9,17.23025581395349
262,isaiah hartenstein,Front,10.0,8.6,12.0,133.2,101.2,0.645,25.9,24.866
263,jordan hawkins,Front,5.5,6.0,19.9,108.6,111.9,0.501,22.0,12.162686567164178
264,precious achiuwa,Front,9.0,9.6,21.2,105.9,110.2,0.497,24.6,17.89708
265,nikola jovic,Front,6.5,8.2,17.1,113.2,103.9,0.568,20.9,16.392282608695655
266,raiquan gray,Front,4.5,10.1,19.5,135.5,121.0,0.676,24.8,14.329666666666665
267,precious achiuwa,Front,9.0,6.5,14.0,116.2,106.0,0.547,24.6,20.17885714285714
268,cody martin,Front,9.0,7.1,16.1,96.6,116.2,0.444,28.5,19.562785714285717
269,brice sensabaugh,Front,5.0,7.5,20.3,98.5,116.1,0.468,20.5,13.623500000000002
270,toumani camara,Front,7.5,5.7,13.8,109.0,110.7,0.516,23.9,16.811000000000003
271,jaylen nowell,Back,5.0,6.9,20.5,115.9,119.9,0.565,24.8,12.797
272,royce o'neale,Front,8.5,7.4,13.9,112.0,108.4,0.537,30.9,18.627224489795918
273,trey jemison,Front,6.0,6.0,13.6,110.6,106.5,0.551,24.4,18.08921739130435
274,aleksej pokusevski,Front,5.0,7.9,17.6,111.4,116.0,0.505,22.3,17.374833333333335
275,quentin grimes,Back,5.0,5.1,15.3,115.2,110.1,0.53,23.9,12.562222222222225
276,paul reed,Front,9.0,7.9,15.9,121.5,102.2,0.561,24.8,19.270195121951215
277,jaden hardy,Front,5.5,7.9,24.9,102.9,111.4,0.492,21.8,11.673150684931503
278,christian braun,Back,6.5,6.9,15.7,115.8,108.6,0.525,23.0,15.25278048780488
279,taylor hendricks,Front,7.0,5.6,13.7,115.8,113.2,0.56,20.4,16.324425
280,trey lyles,Front,5.5,6.7,14.4,119.9,111.2,0.576,28.4,14.807586206896552
281,kevin knox ii,Front,5.5,5.1,16.6,109.1,114.0,0.546,24.7,11.626451612903226
282,johnny juzang,Front,5.5,5.4,14.5,119.7,118.3,0.609,23.1,11.065400000000002
283,evan fournier,Front,5.5,6.0,18.6,99.9,113.7,0.45,31.5,13.359655172413795
284,landry shamet,Front,5.5,5.6,18.8,107.6,114.8,0.527,27.1,11.175173913043478
285,james wiseman,Front,6.5,7.5,16.3,118.2,107.6,0.613,23.0,15.387999999999998
286,naji marshall,Front,6.0,7.7,16.3,114.4,108.0,0.542,26.2,15.03242424242424
287,jose alvarado,Back,6.0,7.1,17.3,112.3,106.7,0.525,26.0,15.102446428571431
288,richaun holmes,Front,5.0,6.3,14.8,123.5,108.3,0.563,30.5,16.840176470588233
289,danilo gallinari,Front,5.5,7.8,18.3,119.0,116.8,0.511,35.7,12.343384615384611
290,javon freeman-liberty,Front,4.5,7.5,17.4,107.3,115.2,0.484,24.5,13.796181818181818
291,tosan evbuomwan,Front,5.0,4.8,10.9,127.9,116.7,0.661,23.2,13.404307692307691
292,gary harris,Back,5.5,4.4,11.7,119.5,109.1,0.569,29.6,13.132907407407409
293,christian wood,Front,6.0,7.5,17.6,106.7,107.3,0.532,28.5,15.561639999999995
294,killian hayes,Front,6.5,7.6,15.1,106.4,114.7,0.452,22.7,19.193904761904765
295,bones hyland,Front,5.5,8.1,24.8,99.8,109.1,0.474,23.6,12.870621621621622
296,trendon watford,Front,5.5,8.9,21.1,114.8,105.3,0.571,23.4,12.928888888888888
297,aaron wiggins,Back,5.5,6.7,16.4,124.9,109.4,0.645,25.3,12.581166666666666
298,maozinha pereira,Front,4.5,5.1,15.7,116.2,106.3,0.586,23.6,15.969857142857144
299,cedi osman,Front,5.5,7.0,15.1,115.5,112.0,0.591,29.0,13.039291666666667
300,jonathan isaac,Front,7.5,6.3,16.7,123.7,104.4,0.584,26.5,16.228344827586206
301,robert williams iii,Front,8.0,6.6,13.2,120.7,101.1,0.654,26.5,19.195
302,day'ron sharpe,Front,7.5,10.4,19.7,118.7,100.8,0.578,22.4,17.685721311475408
303,julian champagnie,Front,5.0,6.0,14.4,110.9,115.4,0.534,22.8,13.874797297297292
304,cason wallace,Front,5.5,5.6,12.9,122.1,109.9,0.602,20.4,14.152658536585369
305,shake milton,Front,5.0,9.1,20.5,107.4,116.2,0.481,27.5,15.2015
306,spencer dinwiddie,Front,9.0,5.0,12.2,113.1,112.8,0.521,31.0,13.463357142857143
307,marcus morris sr.,Front,5.5,5.6,16.3,112.2,108.1,0.527,34.6,12.10827027027027
308,peyton watson,Front,6.0,6.2,16.2,107.8,106.9,0.515,21.6,14.64235
309,ochai agbaji,Back,5.0,5.2,15.4,94.6,115.2,0.432,24.0,14.113518518518518
310,jahmi'us ramsey,Front,5.0,6.6,17.8,101.6,111.5,0.512,22.9,13.088857142857142
311,dennis smith jr.,Front,7.5,8.7,17.7,110.1,105.9,0.482,26.4,17.069857142857142
312,aaron holiday,Back,5.5,6.5,16.7,117.0,108.4,0.547,27.5,11.708551282051282
313,amir coffey,Back,4.5,4.7,12.5,122.0,113.4,0.571,26.8,11.878642857142856
314,jeff green,Front,5.5,5.7,15.5,118.7,111.4,0.529,37.6,11.232397435897438
315,alec burks,Back,6.0,6.4,26.9,91.6,114.3,0.383,32.7,9.769130434782609
316,david duke jr.,Front,5.5,8.6,18.3,121.9,111.2,0.639,24.5,11.648
317,kyle anderson,Front,8.5,8.0,14.5,114.4,105.2,0.472,30.6,18.701670886075952
318,chris boucher,Front,5.5,6.7,17.3,122.9,110.4,0.578,31.3,13.110319999999998
319,isaiah jackson,Front,6.5,8.5,17.2,134.0,101.5,0.665,22.3,14.884966666666667
320,patrick beverley,Front,6.0,8.0,14.9,114.7,109.0,0.504,35.8,15.426787234042552
321,daniel theis,Front,6.0,6.9,15.4,121.3,105.2,0.581,32.0,14.65715254237288
322,bruno fernando,Front,5.5,7.9,16.7,116.8,103.7,0.583,25.7,14.330399999999996
323,jared butler,Front,4.5,8.8,19.9,110.8,113.4,0.547,23.6,13.379
324,skylar mays,Front,4.5,8.1,19.5,106.8,116.8,0.435,26.6,14.593857142857145
325,jae crowder,Front,5.5,5.1,11.5,114.4,112.6,0.53,33.8,13.52396
326,cameron payne,Front,5.5,7.1,16.7,122.2,109.2,0.572,29.7,11.700234042553191
327,keon johnson,Front,4.5,5.6,22.1,110.2,111.8,0.476,22.1,9.3824
328,ben simmons,Front,9.5,10.9,13.0,120.2,105.2,0.581,27.7,25.162533333333336
329,haywood highsmith,Front,5.5,5.4,12.4,118.2,106.0,0.581,27.3,13.727696969696972
330,kris murray,Front,5.5,5.6,14.1,101.9,114.7,0.463,23.7,13.839322580645163
331,vit krejci,Front,5.5,5.3,9.7,121.6,115.3,0.625,23.8,13.36881818181818
332,doug mcdermott,Front,5.0,5.1,14.9,116.0,116.2,0.619,32.3,8.895760869565217
333,xavier tillman,Front,6.5,7.0,16.0,97.8,107.4,0.437,25.3,17.570911764705883
334,patrick beverley,Front,6.0,7.3,13.2,117.9,109.7,0.486,35.8,16.056461538461537
335,zavier simpson,Front,5.0,6.9,17.5,86.6,111.8,0.361,27.2,16.27571428571429
336,nick smith jr.,Front,5.0,6.0,20.3,98.8,118.0,0.5,20.0,9.20786274509804
337,justin champagnie,Front,5.5,7.6,17.0,110.2,116.7,0.494,22.8,13.9854
338,dyson daniels,Front,7.5,7.1,12.6,112.9,106.9,0.514,21.1,17.132180327868856
339,noah clowney,Front,5.5,6.3,14.2,121.4,112.5,0.602,19.8,12.482434782608696
340,patty mills,Front,5.0,5.3,19.4,96.3,108.4,0.406,35.7,10.543384615384616
341,marcus morris sr.,Front,5.5,5.7,18.0,99.9,110.7,0.542,34.6,9.373166666666668
342,larry nance jr.,Front,7.0,7.6,11.3,130.3,105.6,0.629,31.3,16.387819672131148
343,thomas bryant,Front,5.5,8.0,19.3,124.5,101.6,0.591,26.7,11.85263157894737
344,torrey craig,Front,5.5,6.0,12.5,118.0,108.4,0.55,33.3,13.686377358490564
345,jaylen nowell,Back,5.0,5.8,16.9,98.8,112.5,0.436,24.8,10.290888888888889
346,pat connaughton,Back,5.5,6.0,10.8,120.4,113.7,0.553,31.3,13.50613157894737
347,mitchell robinson,Front,10.0,4.9,10.2,122.6,106.8,0.575,26.0,20.48206451612903
348,craig porter,Front,5.0,9.5,20.2,113.7,109.8,0.535,24.1,12.05756862745098
349,nicolas batum,Front,7.0,5.7,8.7,126.1,111.2,0.599,35.3,15.914736842105263
350,gary payton ii,Front,5.5,6.5,13.6,122.0,106.1,0.617,31.4,12.22352272727273
351,neemias queta,Front,5.5,8.6,16.9,137.6,96.1,0.644,24.8,13.928
352,dexter dennis,Front,4.5,12.4,33.4,100.2,113.3,0.553,25.2,9.558749999999998
353,alex fudge,Front,4.5,0.0,16.6,113.6,112.6,0.611,20.9,9.8005
354,kris dunn,Front,7.5,8.3,13.6,115.7,111.3,0.535,30.1,16.18898484848485
355,,,,6.0,17.5,116.2,109.8,0.558,28.7,9.966142857142858
356,cam reddish,Front,5.5,4.4,12.7,101.9,112.1,0.468,24.6,11.431375
357,matisse thybulle,Back,6.5,4.4,10.6,110.5,114.0,0.524,27.1,14.463215384615385
358,dean wade,Front,5.5,5.0,10.5,120.4,106.2,0.584,27.4,13.388148148148147
359,matt ryan,Front,4.5,4.8,15.4,113.5,110.2,0.615,27.0,7.71375
360,ochai agbaji,Back,5.0,4.7,12.2,106.7,118.2,0.52,24.0,11.220980392156862
361,keon ellis,Back,5.5,6.1,12.4,121.7,106.1,0.612,24.3,12.531350877192985
362,ricky council iv,Front,5.0,6.9,22.2,129.0,112.9,0.536,22.7,8.2351875
363,delon wright,Back,5.5,5.9,11.9,124.1,110.8,0.477,32.0,14.613
364,mason plumlee,Front,5.5,8.7,15.1,124.1,104.9,0.569,34.1,13.825239130434785
365,luke kornet,Front,5.5,7.4,11.0,155.5,106.8,0.702,28.8,14.37111111111111
366,davion mitchell,Back,5.0,6.2,14.9,114.3,113.5,0.54,25.6,9.4735
367,stanley umude,Front,5.0,5.5,15.6,119.5,108.3,0.583,25.0,9.161541666666666
368,gordon hayward,Front,8.5,6.4,13.4,116.7,113.1,0.524,34.1,11.10896153846154
369,quentin grimes,Back,5.0,6.0,19.9,78.4,114.1,0.262,23.9,12.9845
370,bismack biyombo,Front,5.5,6.4,10.6,107.7,105.6,0.563,31.6,16.9294
371,jarred vanderbilt,Front,6.0,6.2,11.7,113.1,107.9,0.553,25.0,14.530758620689657
372,bol bol,Front,5.5,6.9,16.5,129.1,106.5,0.689,24.4,10.824767441860464
373,jordan nwora,Front,5.5,8.3,22.7,105.7,111.7,0.518,25.6,8.983666666666666
374,brandon boston jr.,Front,4.5,5.5,25.3,93.3,107.6,0.447,22.4,8.13840625
375,drew eubanks,Front,5.5,6.7,13.2,122.4,106.5,0.607,27.2,13.013093333333332
376,malachi flynn,Front,5.5,7.7,16.2,105.4,113.1,0.511,25.9,11.683870967741935
377,bryce mcgowens,Front,5.0,5.3,14.9,111.4,115.8,0.513,21.4,9.20433898305085
378,monte morris,Front,5.5,7.2,14.4,124.8,110.1,0.521,28.8,12.366666666666664
379,thaddeus young,Front,5.0,8.7,12.6,131.5,109.5,0.626,35.8,13.514695652173913
380,jevon carter,Back,5.0,5.0,17.7,101.3,114.6,0.484,28.6,8.768986111111111
381,devonte' graham,Front,5.0,7.5,17.8,103.7,116.8,0.468,29.1,10.324652173913044
382,chimezie metu,Front,5.5,6.5,17.0,114.6,106.6,0.565,27.1,10.051675675675677
383,goga bitadze,Front,5.0,8.1,13.3,127.0,101.2,0.608,24.7,15.186629032258066
384,kenyon martin jr.,Front,5.0,4.0,18.0,86.1,108.9,0.45,23.3,9.55
385,isaiah livers,Front,5.0,4.4,12.7,96.1,114.3,0.44,25.7,10.031217391304349
386,jalen wilson,Front,5.0,6.4,14.3,117.2,113.0,0.492,23.4,10.47381395348837
387,jordan goodwin,Back,7.5,8.8,18.2,108.8,109.4,0.448,25.5,12.33195
388,d.j. wilson,Front,4.5,8.8,16.7,172.3,115.0,0.833,28.2,9.7
389,kobi simmons,Front,4.5,7.1,13.9,115.6,112.3,0.476,26.8,15.357
390,jock landale,Front,5.0,7.7,14.8,124.7,107.9,0.539,28.5,11.811000000000002
391,garrison mathews,Front,5.0,4.3,11.1,130.5,112.6,0.644,27.5,8.000454545454543
392,jared rhoden,Back,5.0,5.4,13.3,114.8,111.3,0.591,24.6,9.961823529411763
393,eugene omoruyi,Front,5.0,8.7,22.4,111.0,105.3,0.524,27.2,9.315232558139536
394,kobe bufkin,Back,5.5,8.5,22.4,95.1,111.4,0.418,20.6,10.246117647058824
395,dejon jarreau,Back,5.0,9.8,18.3,93.2,104.8,0.38,26.2,15.806777777777777
396,shake milton,Front,5.0,6.2,18.7,100.1,104.6,0.444,27.5,8.491736842105265
397,kenrich williams,Front,5.5,7.1,13.4,119.9,105.8,0.568,29.4,11.160884057971014
398,jacob gilyard,Front,5.0,6.1,11.4,124.8,115.0,0.594,25.8,12.165675675675676
399,dylan windler,Front,4.5,5.5,11.9,136.1,119.0,0.737,27.6,8.120166666666666
400,josh okogie,Back,5.5,5.9,13.0,118.7,111.1,0.488,25.6,11.189066666666667
401,omer yurtseven,Front,5.0,8.0,17.9,110.1,111.2,0.552,25.8,11.088083333333334
402,anthony black,Back,5.0,5.4,12.7,107.7,105.9,0.54,20.2,9.732724637681155
403,robert covington,Front,5.0,5.5,11.4,124.0,102.3,0.545,33.3,13.067615384615385
404,kevon looney,Front,5.5,8.9,11.3,131.5,102.3,0.597,28.2,14.952986486486488
405,keita bates-diop,Front,5.0,5.7,13.0,115.2,112.5,0.493,28.2,10.835435897435897
406,julian strawther,Front,5.0,6.2,20.7,99.0,107.5,0.462,22.0,7.629039999999998
407,,,,4.9,15.2,121.6,112.6,0.599,24.5,6.967982142857143
408,taze moore,Front,4.5,9.0,24.2,97.2,110.7,0.447,25.8,9.048749999999998
409,monte morris,Front,5.5,8.0,22.4,91.3,121.7,0.394,28.8,9.354333333333331
410,taj gibson,Front,4.5,7.1,15.3,135.4,113.2,0.643,38.8,9.21
411,joe ingles,Front,5.5,7.0,11.6,119.1,107.3,0.59,36.5,11.77395588235294
412,maxi kleber,Front,5.5,5.6,9.6,118.1,109.9,0.541,32.2,12.3026511627907
413,mo bamba,Front,5.5,7.2,15.1,114.9,100.6,0.553,25.9,12.828385964912282
414,marjon beauchamp,Front,5.0,5.6,14.6,111.1,110.2,0.578,23.5,8.014416666666666
415,blake wesley,Back,5.5,7.3,14.7,110.2,110.8,0.502,21.1,10.546
416,,,,6.9,15.9,100.5,109.2,0.481,21.4,10.791526315789472
417,dominick barlow,Front,5.0,8.0,14.1,124.3,107.9,0.509,20.9,11.39518181818182
418,lester quinones,Front,5.0,7.6,18.2,112.3,108.0,0.511,23.4,8.315783783783782
419,ben sheppard,Front,5.0,5.2,13.1,111.5,112.2,0.5,22.7,8.591298245614034
420,jontay porter,Front,6.0,9.2,15.8,112.1,109.7,0.481,24.4,14.11207692307692
421,seth curry,Front,5.0,5.3,15.9,104.7,112.6,0.472,33.6,7.962638888888888
422,jaxson hayes,Front,5.5,6.0,12.5,128.1,102.4,0.72,23.9,9.876285714285716
423,john konchar,Back,7.5,6.4,9.7,112.9,110.3,0.514,28.1,15.714327272727273
424,dru smith,Back,5.5,6.1,13.3,118.0,104.6,0.561,26.3,10.654666666666667
425,caleb houstan,Front,5.0,4.2,12.5,119.2,109.4,0.563,21.3,7.217542372881356
426,,,,8.7,13.0,141.0,117.1,0.681,26.9,10.824666666666666
427,danuel house jr.,Front,5.0,4.8,12.2,113.7,110.3,0.519,30.9,7.876058823529412
428,troy brown jr.,Front,5.0,7.0,15.7,117.8,106.8,0.572,24.7,7.892702702702701
429,armoni brooks,Front,4.5,6.0,20.4,100.5,119.1,0.446,25.9,7.3132
430,theo maledon,Back,4.5,6.6,19.1,82.5,114.4,0.326,22.8,9.417076923076923
431,max christie,Front,5.0,5.7,13.5,105.0,112.5,0.515,21.2,8.809671641791043
432,ashton hagans,Front,5.0,7.3,14.6,98.7,108.4,0.465,24.8,11.893263157894737
433,troy brown jr.,Front,5.0,5.2,13.0,90.7,117.6,0.37,24.7,10.741090909090907
434,doug mcdermott,Front,5.0,4.2,15.2,109.5,117.7,0.536,32.3,6.332333333333332
435,delon wright,Back,5.5,7.7,13.5,118.0,117.4,0.451,32.0,12.270727272727273
436,luka samanic,Front,4.5,6.7,21.8,97.1,114.6,0.421,24.3,7.496093023255814
437,jae'sean tate,Front,5.5,5.8,11.7,111.4,102.5,0.522,28.5,10.1772
438,sandro mamukelashvili,Front,5.0,9.9,17.5,119.1,110.7,0.536,24.9,10.220739130434785
439,ryan rollins,Back,4.5,10.3,25.2,115.2,107.6,0.56,21.8,8.5708
440,marques bolden,Front,4.5,5.5,11.1,135.1,113.8,0.68,26.0,10.92933333333333
441,javale mcgee,Front,5.0,8.8,23.4,108.0,100.4,0.602,36.2,8.562021739130437
442,evan fournier,Front,5.5,5.4,24.5,72.3,101.5,0.25,31.5,9.355
443,justin holiday,Front,5.0,4.8,10.6,123.7,110.0,0.595,35.0,8.671655172413795
444,mike muscala,Front,5.0,6.6,14.3,100.3,114.4,0.444,32.8,9.480875
445,svi mykhailiuk,Front,5.0,6.5,16.1,119.1,111.8,0.569,26.8,7.041829268292683
446,jaden springer,Front,5.0,6.8,18.2,99.7,103.4,0.424,21.6,9.2090625
447,luka garza,Front,5.0,8.1,33.4,116.8,92.4,0.54,25.3,5.89936
448,jaylin williams,Front,5.5,8.6,13.5,119.1,102.3,0.533,21.8,11.579724637681162
449,jaylin williams,Front,4.5,8.6,13.5,119.1,102.3,0.533,21.8,11.579724637681162
450,ousmane dieng,Front,5.0,6.8,16.9,107.4,111.9,0.513,20.9,7.681151515151516
451,mouhamed gueye,Front,5.0,7.2,15.2,118.1,100.3,0.413,21.4,12.2875
452,rayan rupert,Front,4.5,6.1,13.6,97.6,113.5,0.422,19.9,9.253435897435896
453,adama sanogo,Front,4.5,0.0,24.9,116.4,109.2,0.519,22.2,8.403333333333334
454,mamadi diakite,Front,4.5,10.6,20.2,167.1,115.8,0.8,27.2,6.850666666666666
455,matt hurt,Front,4.5,4.5,14.2,103.8,113.7,0.426,24.0,8.45
456,xavier tillman,Front,6.5,6.5,11.8,126.9,109.0,0.576,25.3,10.44025
457,izaiah brockington,Front,4.5,0.0,64.0,0.0,0.0,0.4,24.8,6.4
458,deandre jordan,Front,5.5,8.3,15.4,120.0,98.7,0.624,35.7,10.876861111111111
459,chris duarte,Front,5.0,5.6,14.9,105.5,107.0,0.486,26.8,7.906169491525423
460,jules bernard,Back,4.5,8.3,21.4,108.6,115.5,0.539,24.2,6.972473684210526
461,anthony gill,Front,5.0,7.4,18.0,109.0,113.6,0.5,31.5,7.609519999999998
462,tre mann,Back,9.0,9.4,18.0,114.9,113.9,0.6,23.2,7.877615384615384
463,sidy cissoko,Front,4.5,6.0,12.8,123.3,106.6,0.5,20.0,8.607999999999999
464,kira lewis jr.,Front,5.0,7.4,17.5,112.7,122.3,0.475,23.0,7.6525
465,oshae brissett,Front,5.0,7.1,14.5,120.4,105.4,0.493,25.8,8.735399999999998
466,,,,6.3,13.2,113.0,103.9,0.564,23.3,8.17851724137931
467,jamal cain,Front,4.5,5.1,16.7,111.9,106.7,0.5,25.1,6.911076923076923
468,drew peterson,Front,4.5,3.6,13.4,144.2,110.0,0.917,24.4,5.576666666666667
469,t.j. warren,Front,5.0,6.4,16.6,102.5,103.4,0.463,30.6,7.925636363636363
470,jamaree bouyea,Front,4.5,7.1,9.0,141.0,98.8,0.786,24.8,9.068
471,yuta watanabe,Front,5.0,3.6,13.6,96.2,110.6,0.485,29.5,6.236379310344828
472,lindy waters iii,Front,5.0,7.2,17.3,128.3,109.5,0.649,26.7,6.22371052631579
473,james bouknight,Front,4.5,6.6,24.0,115.8,121.8,0.598,23.6,5.190000000000001
474,gui santos,Front,4.5,7.9,15.2,134.0,105.6,0.6,21.8,7.284130434782609
475,collin gillespie,Back,4.5,6.5,17.1,109.1,105.5,0.572,24.8,6.755416666666667
476,jarace walker,Front,5.0,7.8,16.1,108.3,112.7,0.509,20.6,8.815787878787878
477,jordan mclaughlin,Front,5.0,7.5,12.1,136.3,107.8,0.628,28.0,9.142499999999998
478,onuralp bitim,Front,4.5,4.9,15.8,94.3,112.9,0.452,25.0,6.059826086956521
479,mike muscala,Front,5.0,5.6,11.9,113.4,115.6,0.489,32.8,8.298769230769233
480,richaun holmes,Front,5.0,7.8,14.5,120.5,103.3,0.559,30.5,9.01926086956522
481,harry giles iii,Front,4.5,10.2,30.3,106.4,99.1,0.534,26.0,6.0961875
482,nassir little,Front,5.0,5.6,13.9,114.0,109.8,0.544,24.2,6.668577777777778
483,moses brown,Front,5.0,7.0,19.1,101.5,103.5,0.508,24.5,9.040454545454544
484,jalen mcdaniels,Front,5.0,5.8,18.7,85.5,112.2,0.376,26.2,6.74942
485,wenyen gabriel,Front,4.5,5.4,17.1,67.5,102.9,0.386,27.1,10.3044
486,buddy boeheim,Front,4.5,4.8,17.0,116.1,119.3,0.448,24.4,5.250000000000001
487,garrett temple,Front,4.5,6.6,15.0,106.9,112.4,0.449,37.9,7.298074074074075
488,tristan thompson,Front,5.0,8.1,13.7,118.1,103.8,0.613,33.1,9.506938775510203
489,dwight powell,Front,5.5,7.3,9.1,146.6,104.2,0.684,32.7,10.23068253968254
490,vasilije micic,Back,5.5,6.3,15.4,102.0,113.3,0.467,30.3,7.807433333333332
491,charles bassey,Front,5.0,9.0,11.8,125.0,100.4,0.725,23.5,11.567368421052633
492,micah potter,Front,4.5,5.3,10.9,121.5,115.0,0.588,26.0,8.2534375
493,oscar tshiebwe,Front,4.5,9.7,23.5,131.4,112.8,0.5,24.4,6.9
494,terquavion smith,Front,4.5,7.0,28.2,103.4,107.0,0.533,21.3,5.4078125
495,ish smith,Front,5.0,6.3,12.3,97.3,118.1,0.43,35.8,10.390232558139536
496,boban marjanovic,Front,4.5,11.2,27.1,111.6,104.4,0.529,35.7,6.576714285714285
497,zeke nnaji,Front,5.0,6.5,15.4,112.1,102.7,0.483,23.3,8.246603448275863
498,brandon williams,Front,4.5,8.3,26.0,96.7,118.1,0.398,24.4,5.636882352941177
499,jt thor,Front,5.0,5.0,11.7,110.1,116.1,0.514,21.6,7.670603174603174
500,a.j. lawson,Front,5.0,6.7,20.0,104.7,111.8,0.5,23.7,5.726428571428572
501,wesley matthews,Front,5.0,4.9,11.7,111.9,111.8,0.474,37.5,6.956333333333332
502,gabe vincent,Front,4.5,3.4,10.9,86.0,111.6,0.337,27.8,7.998181818181818
503,dalen terry,Front,5.0,7.0,13.4,108.4,106.5,0.494,21.8,8.532966101694914
504,robert covington,Front,5.0,4.6,6.3,130.2,106.3,0.444,33.3,15.09
505,saben lee,Back,4.5,8.9,18.8,114.7,110.9,0.382,24.8,6.9705
506,johnny davis,Front,5.0,4.4,12.2,98.4,115.6,0.448,22.1,6.5196000000000005
507,olivier-maxence prosper,Front,5.0,7.3,16.6,113.0,112.4,0.447,21.8,6.726550000000001
508,davis bertans,Front,5.0,7.0,16.0,146.2,106.5,0.577,31.4,5.374600000000001
509,kira lewis jr.,Front,5.0,6.1,19.6,89.0,112.4,0.327,23.0,6.1154
510,trevelin queen,Front,4.5,5.9,13.3,101.1,105.1,0.408,27.1,7.786000000000001
511,jeremiah robinson-earl,Front,5.0,6.5,15.4,112.1,108.3,0.542,23.4,6.376487179487179
512,ish wainright,Front,4.5,0.0,18.4,106.2,109.4,0.5,29.6,5.1171428571428565
513,,,,6.5,19.6,117.7,110.7,0.56,25.2,4.71518181818182
514,lamar stevens,Front,5.5,7.6,21.0,106.5,101.0,0.5,26.8,6.007421052631578
515,orlando robinson,Front,4.5,8.6,14.8,119.9,101.6,0.556,23.8,7.158861111111111
516,d.j. carton,Front,4.5,5.9,13.5,119.8,115.6,0.438,23.7,5.45
517,danilo gallinari,Front,5.5,5.7,15.3,102.9,109.7,0.419,35.7,5.533411764705883
518,henri drell,Front,4.5,7.5,18.9,102.5,96.0,0.5,24.0,6.5485
519,nicolas batum,Front,7.0,4.9,7.3,112.5,107.6,0.5,35.3,12.278666666666664
520,patty mills,Front,5.0,4.8,12.2,101.6,114.6,0.5,35.7,5.852421052631579
521,damian jones,Front,5.0,7.0,15.4,124.5,105.2,0.618,28.8,5.9642307692307694
522,emoni bates,Front,4.5,5.4,19.5,79.9,115.2,0.408,20.2,4.764200000000001
523,leaky black,Front,4.5,6.0,10.1,124.3,116.2,0.567,24.8,7.364038461538461
524,malik williams,Front,4.5,4.3,15.2,78.3,104.8,0.279,25.6,11.24542857142857
525,otto porter jr.,Front,4.5,4.7,8.9,122.1,110.7,0.545,30.9,6.7308
526,moussa diabate,Front,4.5,9.2,18.6,135.9,109.5,0.526,22.2,6.995454545454546
527,kenneth lofton jr.,Front,5.0,8.0,21.6,95.3,102.1,0.419,21.7,5.5482
528,yuta watanabe,Front,5.0,4.1,12.0,69.6,112.8,0.342,29.5,6.861600000000001
529,timmy allen,Front,4.5,3.3,8.9,72.5,103.9,0.261,24.3,9.38
530,markieff morris,Front,5.0,6.3,16.4,92.3,112.7,0.449,34.6,5.338307692307693
531,alex len,Front,5.0,8.1,11.8,122.4,101.7,0.617,30.8,8.439750000000002
532,furkan korkmaz,Back,5.0,5.4,13.6,107.9,112.8,0.487,26.7,5.343371428571429
533,greg brown iii,Front,4.5,8.4,20.4,96.0,106.5,0.5,22.6,6.048833333333332
534,tosan evbuomwan,Front,5.0,5.1,9.3,103.1,115.1,0.333,23.2,9.251
535,cory joseph,Back,4.5,5.8,11.3,107.8,112.6,0.461,32.7,6.366038461538462
536,joe harris,Front,5.0,4.0,11.0,102.4,113.0,0.487,32.6,4.595125
537,xavier moon,Front,4.5,7.9,19.1,94.7,113.8,0.348,29.3,6.567285714285715
538,aj griffin,Front,4.5,4.1,17.3,77.0,121.7,0.371,20.6,3.928
539,mouhamadou gueye,Front,4.5,5.0,19.2,67.2,110.1,0.289,25.8,8.331454545454546
540,chuma okeke,Front,5.0,5.0,13.3,96.6,110.7,0.46,25.7,5.214404255319149
541,isaiah mobley,Front,4.5,6.2,16.2,102.4,108.8,0.479,24.6,4.6000000000000005
542,dalano banton,Back,8.5,7.9,17.8,105.4,102.7,0.392,24.4,5.534166666666667
543,olivier sarr,Front,4.5,5.0,12.6,135.0,94.2,0.632,25.1,6.096066666666666
544,dereon seabron,Front,4.5,5.7,12.3,114.8,109.3,0.346,23.9,5.974
545,cole swider,Front,4.5,5.4,24.1,91.3,113.2,0.526,24.9,3.261666666666667
546,amari bailey,Front,4.5,7.0,21.3,96.3,122.0,0.354,20.2,4.631499999999999
547,thaddeus young,Front,5.0,7.4,12.8,121.4,103.9,0.524,35.8,7.709899999999999
548,,,,4.4,9.4,111.8,109.4,0.579,33.1,5.2721136363636365
549,udoka azubuike,Front,4.5,5.4,12.6,117.4,101.7,0.696,24.6,5.5886875
550,nate hinton,Front,4.5,10.6,17.8,127.0,98.8,0.558,24.9,5.449466666666666
551,trent forrest,Front,5.0,7.0,11.8,109.0,117.6,0.389,25.8,7.644342105263156
552,andre jackson jr.,Front,5.0,6.3,10.0,118.8,102.3,0.585,22.4,6.24377192982456
553,julian phillips,Front,4.5,4.2,13.0,106.5,108.6,0.494,20.4,4.2558500000000015
554,malachi flynn,Front,5.5,6.6,22.0,116.0,113.2,0.478,25.9,3.295
555,colby jones,Back,4.5,7.8,19.1,97.0,102.3,0.408,21.9,5.244633333333334
556,jaden springer,Front,5.0,5.7,14.0,104.7,99.0,0.467,21.6,5.34929411764706
557,p.j. tucker,Front,5.0,0.0,4.6,87.1,100.6,0.6,38.9,10.340000000000002
558,daniel theis,Front,6.0,0.0,20.0,54.7,115.9,0.25,32.0,1.998
559,lindell wigginton,Front,4.5,0.0,39.1,0.0,0.0,0.4,26.0,1.700666666666667
560,ty jerome,Front,5.5,6.2,14.9,110.9,107.5,0.5,26.8,4.351000000000001
561,jordan ford,Front,4.5,6.3,17.4,0.0,0.0,0.714,25.9,2.6105
562,jericho sims,Front,5.0,4.9,6.0,136.3,108.5,0.691,25.5,7.704844444444445
563,jd davison,Front,4.5,12.3,17.6,133.2,102.3,0.542,21.5,5.611125
564,isaiah wong,Front,4.5,0.0,29.2,69.6,128.9,0.333,23.2,2.0
565,kobe brown,Front,5.0,5.3,11.1,109.9,106.4,0.489,24.3,5.204545454545455
566,d'moi hodge,Front,4.5,0.0,17.6,97.1,112.1,0.433,25.3,3.3502857142857145
567,markquis nowell,Front,4.5,22.9,22.9,0.0,0.0,0.0,24.3,9.4
568,kevon harris,Front,4.5,12.9,28.7,0.0,0.0,0.667,26.8,3.4510000000000005
569,cody zeller,Front,5.0,8.7,12.9,118.2,99.6,0.427,31.5,6.437883720930233
570,daishen nix,Front,4.5,6.4,28.1,0.0,0.0,0.5,22.2,2.9406000000000003
571,justin minaya,Front,4.5,4.3,9.7,98.9,114.0,0.378,25.1,5.514676470588234
572,bismack biyombo,Front,5.5,4.7,11.5,106.5,106.2,0.583,31.6,4.659199999999999
573,shake milton,Front,5.0,9.4,15.6,136.5,84.9,0.5,27.5,4.484333333333334
574,kessler edwards,Front,5.0,5.8,14.0,115.3,108.8,0.537,23.7,3.6337777777777776
575,jamaree bouyea,Front,4.5,6.5,21.6,54.8,117.8,0.238,24.8,4.358333333333333
576,leonard miller,Front,4.5,13.0,18.5,0.0,0.0,0.7,20.4,4.19529411764706
577,jordan walsh,Front,4.5,5.6,9.8,105.4,97.8,0.467,20.1,6.306444444444446
578,jason preston,Front,4.5,8.3,12.4,106.1,119.0,0.316,24.7,8.544285714285712
579,p.j. tucker,Front,5.0,3.6,5.5,122.7,108.4,0.478,38.9,6.743571428571429
580,jalen pickett,Front,4.5,7.7,16.4,109.2,106.4,0.557,24.5,3.255555555555556
581,josh minott,Front,4.5,8.6,21.4,0.0,0.0,0.528,21.4,3.1124374999999995
582,jalen hood-schifino,Front,4.5,5.6,24.8,66.3,106.9,0.244,20.8,2.939285714285715
583,jett howard,Front,4.5,6.2,22.9,0.0,0.0,0.45,20.6,2.7411111111111115
584,seth lundy,Front,4.5,0.0,15.8,81.8,112.7,0.324,24.0,2.416555555555556
585,jordan miller,Front,4.5,0.0,16.9,0.0,0.0,0.611,24.2,2.24425
586,keita bates-diop,Front,5.0,5.5,13.2,123.5,116.4,0.531,28.2,3.3122857142857143
587,filip petrusev,Front,4.5,0.0,18.7,0.0,0.0,0.5,24.0,1.5
588,ibou badji,Front,4.5,4.9,8.0,102.0,99.6,0.636,21.5,6.504727272727272
589,colin castleton,Front,4.5,6.7,15.8,0.0,0.0,0.563,23.9,2.761
590,terry taylor,Front,4.5,5.3,11.3,116.2,111.2,0.538,24.6,3.773677419354839
591,dariq whitehead,Front,4.5,5.5,10.6,83.5,121.1,0.2,19.7,7.15
592,dylan windler,Front,4.5,8.9,14.0,0.0,0.0,0.667,27.6,3.18
593,adam flagler,Front,4.5,0.0,21.7,78.4,123.7,0.214,24.4,4.503
594,jack white,Front,4.5,2.8,12.1,54.1,112.2,0.188,26.7,7.65
595,jerome robinson,Front,4.5,4.7,20.8,0.0,0.0,0.364,27.1,2.1704545454545454
596,kendall brown,Front,4.5,4.8,13.8,119.0,112.3,0.533,20.9,2.1093333333333333
597,jacob toppin,Front,4.5,6.6,12.3,138.8,110.7,0.611,23.9,2.954444444444444
598,jermaine samuels jr.,Front,4.5,5.9,10.5,148.0,108.4,0.643,25.4,3.208571428571429
599,mason jones,Front,4.5,8.1,16.8,92.9,106.6,0.375,25.7,4.1012
600,r.j. hampton,Front,4.5,4.3,10.5,84.6,107.8,0.321,23.2,3.31
601,tyty washington jr.,Front,4.5,5.4,17.0,80.6,117.4,0.35,22.4,3.0229090909090908
602,nathan mensah,Front,4.5,3.6,6.8,103.3,100.9,0.429,26.0,6.040960000000001
603,skylar mays,Front,4.5,6.0,12.9,112.6,108.5,0.524,26.6,3.574117647058823
604,theo maledon,Back,4.5,0.0,27.5,0.0,0.0,0.25,22.8,0.8099999999999998
605,david roddy,Front,5.5,5.8,18.2,0.0,0.0,0.457,23.1,2.314117647058824
606,isaiah thomas,Front,4.5,0.0,22.3,0.0,0.0,0.4,35.2,2.084
607,aleksej pokusevski,Front,5.0,5.5,14.9,78.8,109.1,0.313,22.3,3.2506000000000004
608,jay huff,Front,4.5,6.7,14.9,0.0,0.0,0.7,26.6,2.51955
609,keyontae johnson,Front,4.5,4.4,13.1,78.4,111.4,0.344,23.9,2.942777777777778
610,chris livingston,Front,4.5,5.8,13.7,101.3,100.1,0.523,20.5,2.737714285714285
611,robin lopez,Front,4.5,4.6,14.6,100.1,111.0,0.421,36.0,2.4356249999999995
612,admiral schofield,Front,4.5,6.6,16.5,0.0,0.0,0.5,27.0,2.220434782608695
613,braxton key,Front,4.5,10.5,15.6,0.0,0.0,0.471,27.2,3.2304000000000004
614,hunter tyson,Front,4.5,5.6,20.0,0.0,0.0,0.5,23.8,1.962
615,mike muscala,Front,5.0,5.3,12.5,87.9,108.1,0.386,32.8,3.1721875000000006
616,taj gibson,Front,4.5,4.0,7.5,90.8,99.5,0.304,38.8,4.7605
617,dylan windler,Front,4.5,7.2,11.7,0.0,0.0,0.75,27.6,1.81
618,joshua primo,Front,4.5,0.0,29.8,36.6,125.2,0.333,21.3,0.6000000000000001
619,alex fudge,Front,4.5,0.0,23.4,0.0,0.0,0.167,20.9,1.3
620,kenneth lofton jr.,Front,5.0,0.0,39.2,26.8,113.8,0.167,21.7,1.7999999999999998
621,hamidou diallo,Front,4.5,13.2,26.3,0.0,0.0,0.5,25.7,4.45
622,frank ntilikina,Front,4.5,4.6,11.2,74.9,115.6,0.167,25.7,3.44
623,ryan rollins,Back,4.5,8.9,10.8,126.9,100.9,0.75,21.8,4.44
624,james johnson,Front,4.5,5.3,14.1,79.2,100.1,0.3,37.1,3.5188888888888887
625,thanasis antetokounmpo,Front,4.5,4.9,12.5,92.0,104.1,0.533,31.7,2.37164705882353
626,daquan jeffries,Front,4.5,6.2,19.6,0.0,0.0,0.412,26.6,1.633176470588235
627,charlie brown jr.,Front,4.5,0.0,13.9,60.2,106.6,0.3,26.2,1.41075
628,ish wainright,Front,4.5,6.6,18.4,79.9,87.1,0.25,29.6,3.46
629,shaquille harrison,Front,4.5,0.0,14.3,0.0,0.0,0.5,30.5,2.1066666666666665
630,wendell moore jr.,Front,4.5,5.5,12.9,0.0,0.0,0.5,22.6,1.82
631,jalen slawson,Front,4.5,5.7,9.2,0.0,0.0,0.667,24.5,1.886666666666667
632,alondes williams,Front,4.5,0.0,29.9,0.0,0.0,0.25,24.8,0.7342857142857142
633,pat spencer,Front,4.5,6.8,8.2,127.5,118.6,0.5,27.8,2.506666666666667
634,quenton jackson,Front,4.5,9.8,7.5,0.0,0.0,0.0,25.6,3.8766666666666665
635,juan toscano-anderson,Front,4.5,5.7,11.4,83.3,95.2,0.292,31.0,2.996363636363637
636,usman garuba,Front,4.5,6.6,21.0,0.0,0.0,0.167,22.1,3.3400000000000003
637,e.j. liddell,Front,4.5,4.3,16.7,0.0,0.0,0.167,23.3,2.2700000000000005
638,pete nance,Front,4.5,0.0,12.7,0.0,0.0,0.25,24.2,0.955
639,maxwell lewis,Front,4.5,2.4,13.6,0.0,0.0,0.214,21.7,0.643470588235294
640,harry giles iii,Front,4.5,0.0,13.8,0.0,0.0,0.167,26.0,1.2054285714285713
641,danny green,Front,4.5,0.0,4.7,33.1,112.0,0.0,36.8,2.95
642,ryan arcidiacono,Front,4.5,0.0,7.6,0.0,0.0,0.0,30.1,0.88
643,kaiser gates,Front,4.5,0.0,23.5,0.0,118.9,0.0,27.4,1.2
644,marques bolden,Front,4.5,0.0,0.0,0.0,0.0,0.0,26.0,1.2
645,filip petrusev,Front,4.5,0.0,0.0,0.0,0.0,0.0,24.0,1.2
646,javonte smart,Front,4.5,0.0,0.0,0.0,0.0,0.0,24.9,0.0
647,malcolm cazalon,Front,4.5,0.0,0.0,0.0,0.0,0.0,22.6,0.0
648,ron harper jr.,Front,4.5,0.0,0.0,0.0,0.0,0.0,24.0,1.5
649,dmytro skapintsev,Front,4.5,0.0,20.5,0.0,0.0,0.0,25.9,0.0
650,trey jemison,Front,6.0,0.0,28.1,0.0,0.0,0.0,24.4,0.0999999999999999
651,kira lewis jr.,Front,5.0,0.0,0.0,0.0,0.0,0.0,23.0,0.0
652,darius bazley,Front,5.5,0.0,8.8,0.0,0.0,0.0,23.8,1.1099999999999997
653,justin jackson,Front,5.0,0.0,0.0,0.0,0.0,0.0,29.1,0.0
654,jalen crutcher,Front,4.5,0.0,16.1,0.0,0.0,0.0,24.7,0.0
655,andrew funk,Front,4.5,0.0,13.1,0.0,0.0,0.0,24.6,0.8
656,jacob gilyard,Front,5.0,0.0,6.8,57.7,106.2,0.0,25.8,5.91
657,mamadi diakite,Front,4.5,0.0,10.2,0.0,0.0,0.0,27.2,0.6599999999999999
